,val_loss,loss
0,571.1061257755055,559.9069624796953
1,570.7012149586398,554.6274429170212
2,570.7010617723652,551.485336454788
3,570.7010617723652,549.2276955783957
4,570.7010617723652,548.2429821656482
