,val_loss,loss
0,136.89755249023438,914.027171673161
1,332.87069043926164,196.88373901820418
2,215.10884124157477,164.15664899467242
3,80.62389687930836,166.08765566231
4,91.09300269332587,101.10339295037902
